Names,Class
/Tomato_Mosaic_virus/25.JPG,1
/Tomato_Mosaic_virus/39.JPG,1
/Tomato_Mosaic_virus/144.JPG,1
/Tomato_Mosaic_virus/46.JPG,1
/Tomato_Mosaic_virus/311.JPG,1
/Tomato_Mosaic_virus/250.JPG,1
/Tomato_Mosaic_virus/160.JPG,1
/Tomato_Mosaic_virus/38.JPG,1
/Tomato_Mosaic_virus/293.JPG,1
/Tomato_Mosaic_virus/336.JPG,1
/Tomato_Mosaic_virus/54.JPG,1
/Tomato_Mosaic_virus/330.JPG,1
/Tomato_Mosaic_virus/182.JPG,1
/Tomato_Mosaic_virus/272.JPG,1
/Tomato_Mosaic_virus/332.JPG,1
/Tomato_Mosaic_virus/113.JPG,1
/Tomato_Mosaic_virus/230.JPG,1
/Tomato_Mosaic_virus/41.JPG,1
/Tomato_Mosaic_virus/268.JPG,1
/Tomato_Mosaic_virus/197.JPG,1
/Tomato_Mosaic_virus/237.JPG,1
/Tomato_Mosaic_virus/316.JPG,1
/Tomato_Mosaic_virus/93.JPG,1
/Tomato_Mosaic_virus/57.JPG,1
/Tomato_Mosaic_virus/20.JPG,1
/Tomato_Mosaic_virus/326.JPG,1
/Tomato_Mosaic_virus/327.JPG,1
/Tomato_Mosaic_virus/147.JPG,1
/Tomato_Mosaic_virus/153.JPG,1
/Tomato_Mosaic_virus/16.JPG,1
/Tomato_Mosaic_virus/200.JPG,1
/Tomato_Mosaic_virus/175.JPG,1
/Tomato_Mosaic_virus/189.JPG,1
/Tomato_Mosaic_virus/94.JPG,1
/Tomato_Mosaic_virus/4.JPG,1
/Tomato_Mosaic_virus/10.JPG,1
/Tomato_Mosaic_virus/323.JPG,1
/Tomato_Mosaic_virus/28.JPG,1
/Tomato_Mosaic_virus/128.JPG,1
/Tomato_Mosaic_virus/279.JPG,1
/Tomato_Mosaic_virus/137.JPG,1
/Tomato_Mosaic_virus/199.JPG,1
/Tomato_Mosaic_virus/338.JPG,1
/Tomato_Mosaic_virus/310.JPG,1
/Tomato_Mosaic_virus/89.JPG,1
/Tomato_Mosaic_virus/81.JPG,1
/Tomato_Mosaic_virus/319.JPG,1
/Tomato_Mosaic_virus/121.JPG,1
/Tomato_Mosaic_virus/138.JPG,1
/Tomato_Mosaic_virus/339.JPG,1
/Tomato_Mosaic_virus/7.JPG,1
/Tomato_Mosaic_virus/60.JPG,1
/Tomato_Mosaic_virus/143.JPG,1
/Tomato_Mosaic_virus/209.JPG,1
/Tomato_Mosaic_virus/15.JPG,1
/Tomato_Mosaic_virus/183.JPG,1
/Tomato_Mosaic_virus/221.JPG,1
/Tomato_Mosaic_virus/77.JPG,1
/Tomato_Mosaic_virus/188.JPG,1
/Tomato_Mosaic_virus/56.JPG,1
/Tomato_Mosaic_virus/62.JPG,1
/Tomato_Mosaic_virus/18.JPG,1
/Tomato_Mosaic_virus/328.JPG,1
/Tomato_Mosaic_virus/73.JPG,1
/Tomato_Mosaic_virus/269.JPG,1
/Tomato_Mosaic_virus/53.JPG,1
/Tomato_Mosaic_virus/256.JPG,1
/Tomato_Mosaic_virus/44.JPG,1
/Tomato_Mosaic_virus/204.JPG,1
/Tomato_Mosaic_virus/264.JPG,1
/Tomato_Mosaic_virus/308.JPG,1
/Tomato_Mosaic_virus/64.JPG,1
/Tomato_Mosaic_virus/91.JPG,1
/Tomato_Mosaic_virus/259.JPG,1
/Tomato_Mosaic_virus/252.JPG,1
/Tomato_Mosaic_virus/238.JPG,1
/Tomato_Mosaic_virus/125.JPG,1
/Tomato_Mosaic_virus/324.JPG,1
/Tomato_Mosaic_virus/126.JPG,1
/Tomato_Mosaic_virus/29.JPG,1
/Tomato_Mosaic_virus/58.JPG,1
/Tomato_Mosaic_virus/225.JPG,1
/Tomato_Mosaic_virus/9.JPG,1
/Tomato_Mosaic_virus/223.JPG,1
/Tomato_Mosaic_virus/79.JPG,1
/Tomato_Mosaic_virus/158.JPG,1
/Tomato_Mosaic_virus/228.JPG,1
/Tomato_Mosaic_virus/287.JPG,1
/Tomato_Mosaic_virus/285.JPG,1
/Tomato_Mosaic_virus/192.JPG,1
/Tomato_Mosaic_virus/263.JPG,1
/Tomato_Mosaic_virus/294.JPG,1
/Tomato_Mosaic_virus/156.JPG,1
/Tomato_Mosaic_virus/186.JPG,1
/Tomato_Mosaic_virus/249.JPG,1
/Tomato_Mosaic_virus/212.JPG,1
/Tomato_Mosaic_virus/66.JPG,1
/Tomato_Mosaic_virus/290.JPG,1
/Tomato_Mosaic_virus/130.JPG,1
/Tomato_Mosaic_virus/103.JPG,1
/Tomato_Mosaic_virus/133.JPG,1
/Tomato_Mosaic_virus/274.JPG,1
/Tomato_Mosaic_virus/115.JPG,1
/Tomato_Mosaic_virus/34.JPG,1
/Tomato_Mosaic_virus/198.JPG,1
/Tomato_Mosaic_virus/84.JPG,1
/Tomato_Mosaic_virus/174.JPG,1
/Tomato_Mosaic_virus/74.JPG,1
/Tomato_Mosaic_virus/43.JPG,1
/Tomato_Mosaic_virus/282.JPG,1
/Tomato_Mosaic_virus/11.JPG,1
/Tomato_Mosaic_virus/180.JPG,1
/Tomato_Mosaic_virus/295.JPG,1
/Tomato_Mosaic_virus/169.JPG,1
/Tomato_Mosaic_virus/190.JPG,1
/Tomato_Mosaic_virus/297.JPG,1
/Tomato_Mosaic_virus/254.JPG,1
/Tomato_Mosaic_virus/120.JPG,1
/Tomato_Mosaic_virus/265.JPG,1
/Tomato_Mosaic_virus/270.JPG,1
/Tomato_Mosaic_virus/124.JPG,1
/Tomato_Mosaic_virus/227.JPG,1
/Tomato_Mosaic_virus/26.JPG,1
/Tomato_Mosaic_virus/168.JPG,1
/Tomato_Mosaic_virus/61.JPG,1
/Tomato_Mosaic_virus/306.JPG,1
/Tomato_Mosaic_virus/82.JPG,1
/Tomato_Mosaic_virus/233.JPG,1
/Tomato_Mosaic_virus/37.JPG,1
/Tomato_Mosaic_virus/194.JPG,1
/Tomato_Mosaic_virus/100.JPG,1
/Tomato_Mosaic_virus/202.JPG,1
/Tomato_Mosaic_virus/112.JPG,1
/Tomato_Mosaic_virus/325.JPG,1
/Tomato_Mosaic_virus/289.JPG,1
/Tomato_Mosaic_virus/300.JPG,1
/Tomato_Mosaic_virus/86.JPG,1
/Tomato_Mosaic_virus/304.JPG,1
/Tomato_Mosaic_virus/75.JPG,1
/Tomato_Mosaic_virus/12.JPG,1
/Tomato_Mosaic_virus/163.JPG,1
/Tomato_Mosaic_virus/267.JPG,1
/Tomato_Mosaic_virus/284.JPG,1
/Tomato_Mosaic_virus/71.JPG,1
/Tomato_Mosaic_virus/99.JPG,1
/Tomato_Mosaic_virus/33.JPG,1
/Tomato_Mosaic_virus/257.JPG,1
/Tomato_Mosaic_virus/129.JPG,1
/Tomato_Mosaic_virus/106.JPG,1
/Tomato_Mosaic_virus/301.JPG,1
/Tomato_Mosaic_virus/305.JPG,1
/Tomato_Mosaic_virus/95.JPG,1
/Tomato_Mosaic_virus/146.JPG,1
/Tomato_Mosaic_virus/333.JPG,1
/Tomato_Mosaic_virus/185.JPG,1
/Tomato_Mosaic_virus/231.JPG,1
/Tomato_Mosaic_virus/292.JPG,1
/Tomato_Mosaic_virus/262.JPG,1
/Tomato_Mosaic_virus/97.JPG,1
/Tomato_Mosaic_virus/14.JPG,1
/Tomato_Mosaic_virus/51.JPG,1
/Tomato_Mosaic_virus/170.JPG,1
/Tomato_Mosaic_virus/271.JPG,1
/Tomato_Mosaic_virus/309.JPG,1
/Tomato_Mosaic_virus/162.JPG,1
/Tomato_Mosaic_virus/245.JPG,1
/Tomato_Mosaic_virus/286.JPG,1
/Tomato_Mosaic_virus/24.JPG,1
/Tomato_Mosaic_virus/127.JPG,1
/Tomato_Mosaic_virus/150.JPG,1
/Tomato_Mosaic_virus/122.JPG,1
/Tomato_Mosaic_virus/152.JPG,1
/Tomato_Mosaic_virus/134.JPG,1
/Tomato_Mosaic_virus/191.JPG,1
/Tomato_Mosaic_virus/13.JPG,1
/Tomato_Mosaic_virus/247.JPG,1
/Tomato_Mosaic_virus/132.JPG,1
/Tomato_Mosaic_virus/176.JPG,1
/Tomato_Mosaic_virus/116.JPG,1
/Tomato_Mosaic_virus/139.JPG,1
/Tomato_Mosaic_virus/335.JPG,1
/Tomato_Mosaic_virus/261.JPG,1
/Tomato_Mosaic_virus/312.JPG,1
/Tomato_Mosaic_virus/214.JPG,1
/Tomato_Mosaic_virus/40.JPG,1
/Tomato_Mosaic_virus/255.JPG,1
/Tomato_Mosaic_virus/211.JPG,1
/Tomato_Mosaic_virus/92.JPG,1
/Tomato_Mosaic_virus/83.JPG,1
/Tomato_Mosaic_virus/154.JPG,1
/Tomato_Mosaic_virus/318.JPG,1
/Tomato_Mosaic_virus/149.JPG,1
/Tomato_Mosaic_virus/226.JPG,1
/Tomato_Mosaic_virus/76.JPG,1
/Tomato_Mosaic_virus/2.JPG,1
/Tomato_Mosaic_virus/243.JPG,1
/Tomato_Mosaic_virus/110.JPG,1
/Tomato_Mosaic_virus/142.JPG,1
/Tomato_Mosaic_virus/135.JPG,1
/Tomato_Mosaic_virus/239.JPG,1
/Tomato_Mosaic_virus/298.JPG,1
/Tomato_Mosaic_virus/141.JPG,1
/Tomato_Mosaic_virus/229.JPG,1
/Tomato_Mosaic_virus/166.JPG,1
/Tomato_Mosaic_virus/334.JPG,1
/Tomato_Mosaic_virus/104.JPG,1
/Tomato_Mosaic_virus/148.JPG,1
/Tomato_Mosaic_virus/159.JPG,1
/Tomato_Mosaic_virus/296.JPG,1
/Tomato_Mosaic_virus/0.JPG,1
/Tomato_Mosaic_virus/281.JPG,1
/Tomato_Mosaic_virus/220.JPG,1
/Tomato_Mosaic_virus/187.JPG,1
/Tomato_Mosaic_virus/236.JPG,1
/Tomato_Mosaic_virus/280.JPG,1
/Tomato_Mosaic_virus/196.JPG,1
/Tomato_Mosaic_virus/111.JPG,1
/Tomato_Mosaic_virus/213.JPG,1
/Tomato_Mosaic_virus/32.JPG,1
/Tomato_Mosaic_virus/69.JPG,1
/Apple_black_rot/25.JPG,2
/Apple_black_rot/388.JPG,2
/Apple_black_rot/39.JPG,2
/Apple_black_rot/144.JPG,2
/Apple_black_rot/46.JPG,2
/Apple_black_rot/311.JPG,2
/Apple_black_rot/250.JPG,2
/Apple_black_rot/160.JPG,2
/Apple_black_rot/38.JPG,2
/Apple_black_rot/293.JPG,2
/Apple_black_rot/336.JPG,2
/Apple_black_rot/54.JPG,2
/Apple_black_rot/330.JPG,2
/Apple_black_rot/182.JPG,2
/Apple_black_rot/272.JPG,2
/Apple_black_rot/332.JPG,2
/Apple_black_rot/113.JPG,2
/Apple_black_rot/230.JPG,2
/Apple_black_rot/41.JPG,2
/Apple_black_rot/268.JPG,2
/Apple_black_rot/197.JPG,2
/Apple_black_rot/237.JPG,2
/Apple_black_rot/316.JPG,2
/Apple_black_rot/93.JPG,2
/Apple_black_rot/57.JPG,2
/Apple_black_rot/20.JPG,2
/Apple_black_rot/389.JPG,2
/Apple_black_rot/326.JPG,2
/Apple_black_rot/327.JPG,2
/Apple_black_rot/147.JPG,2
/Apple_black_rot/347.JPG,2
/Apple_black_rot/153.JPG,2
/Apple_black_rot/16.JPG,2
/Apple_black_rot/200.JPG,2
/Apple_black_rot/175.JPG,2
/Apple_black_rot/189.JPG,2
/Apple_black_rot/94.JPG,2
/Apple_black_rot/4.JPG,2
/Apple_black_rot/10.JPG,2
/Apple_black_rot/323.JPG,2
/Apple_black_rot/28.JPG,2
/Apple_black_rot/385.JPG,2
/Apple_black_rot/128.JPG,2
/Apple_black_rot/279.JPG,2
/Apple_black_rot/137.JPG,2
/Apple_black_rot/364.JPG,2
/Apple_black_rot/340.JPG,2
/Apple_black_rot/362.JPG,2
/Apple_black_rot/199.JPG,2
/Apple_black_rot/338.JPG,2
/Apple_black_rot/310.JPG,2
/Apple_black_rot/89.JPG,2
/Apple_black_rot/81.JPG,2
/Apple_black_rot/371.JPG,2
/Apple_black_rot/319.JPG,2
/Apple_black_rot/121.JPG,2
/Apple_black_rot/138.JPG,2
/Apple_black_rot/339.JPG,2
/Apple_black_rot/7.JPG,2
/Apple_black_rot/60.JPG,2
/Apple_black_rot/143.JPG,2
/Apple_black_rot/209.JPG,2
/Apple_black_rot/15.JPG,2
/Apple_black_rot/183.JPG,2
/Apple_black_rot/221.JPG,2
/Apple_black_rot/77.JPG,2
/Apple_black_rot/188.JPG,2
/Apple_black_rot/56.JPG,2
/Apple_black_rot/62.JPG,2
/Apple_black_rot/18.JPG,2
/Apple_black_rot/366.JPG,2
/Apple_black_rot/328.JPG,2
/Apple_black_rot/383.JPG,2
/Apple_black_rot/386.JPG,2
/Apple_black_rot/73.JPG,2
/Apple_black_rot/269.JPG,2
/Apple_black_rot/53.JPG,2
/Apple_black_rot/256.JPG,2
/Apple_black_rot/44.JPG,2
/Apple_black_rot/204.JPG,2
/Apple_black_rot/264.JPG,2
/Apple_black_rot/308.JPG,2
/Apple_black_rot/64.JPG,2
/Apple_black_rot/91.JPG,2
/Apple_black_rot/259.JPG,2
/Apple_black_rot/252.JPG,2
/Apple_black_rot/354.JPG,2
/Apple_black_rot/238.JPG,2
/Apple_black_rot/125.JPG,2
/Apple_black_rot/324.JPG,2
/Apple_black_rot/382.JPG,2
/Apple_black_rot/126.JPG,2
/Apple_black_rot/29.JPG,2
/Apple_black_rot/58.JPG,2
/Apple_black_rot/225.JPG,2
/Apple_black_rot/9.JPG,2
/Apple_black_rot/223.JPG,2
/Apple_black_rot/341.JPG,2
/Apple_black_rot/79.JPG,2
/Apple_black_rot/158.JPG,2
/Apple_black_rot/228.JPG,2
/Apple_black_rot/287.JPG,2
/Apple_black_rot/285.JPG,2
/Apple_black_rot/360.JPG,2
/Apple_black_rot/192.JPG,2
/Apple_black_rot/263.JPG,2
/Apple_black_rot/294.JPG,2
/Apple_black_rot/156.JPG,2
/Apple_black_rot/186.JPG,2
/Apple_black_rot/249.JPG,2
/Apple_black_rot/212.JPG,2
/Apple_black_rot/66.JPG,2
/Apple_black_rot/290.JPG,2
/Apple_black_rot/130.JPG,2
/Apple_black_rot/103.JPG,2
/Apple_black_rot/133.JPG,2
/Apple_black_rot/274.JPG,2
/Apple_black_rot/115.JPG,2
/Apple_black_rot/34.JPG,2
/Apple_black_rot/198.JPG,2
/Apple_black_rot/84.JPG,2
/Apple_black_rot/174.JPG,2
/Apple_black_rot/74.JPG,2
/Apple_black_rot/43.JPG,2
/Apple_black_rot/282.JPG,2
/Apple_black_rot/11.JPG,2
/Apple_black_rot/180.JPG,2
/Apple_black_rot/295.JPG,2
/Apple_black_rot/372.JPG,2
/Apple_black_rot/169.JPG,2
/Apple_black_rot/190.JPG,2
/Apple_black_rot/297.JPG,2
/Apple_black_rot/254.JPG,2
/Apple_black_rot/120.JPG,2
/Apple_black_rot/265.JPG,2
/Apple_black_rot/384.JPG,2
/Apple_black_rot/270.JPG,2
/Apple_black_rot/357.JPG,2
/Apple_black_rot/124.JPG,2
/Apple_black_rot/227.JPG,2
/Apple_black_rot/342.JPG,2
/Apple_black_rot/365.JPG,2
/Apple_black_rot/26.JPG,2
/Apple_black_rot/168.JPG,2
/Apple_black_rot/359.JPG,2
/Apple_black_rot/61.JPG,2
/Apple_black_rot/306.JPG,2
/Apple_black_rot/82.JPG,2
/Apple_black_rot/233.JPG,2
/Apple_black_rot/344.JPG,2
/Apple_black_rot/37.JPG,2
/Apple_black_rot/194.JPG,2
/Apple_black_rot/100.JPG,2
/Apple_black_rot/202.JPG,2
/Apple_black_rot/112.JPG,2
/Apple_black_rot/325.JPG,2
/Apple_black_rot/289.JPG,2
/Apple_black_rot/300.JPG,2
/Apple_black_rot/86.JPG,2
/Apple_black_rot/304.JPG,2
/Apple_black_rot/75.JPG,2
/Apple_black_rot/12.JPG,2
/Apple_black_rot/163.JPG,2
/Apple_black_rot/267.JPG,2
/Apple_black_rot/284.JPG,2
/Apple_black_rot/71.JPG,2
/Apple_black_rot/99.JPG,2
/Apple_black_rot/33.JPG,2
/Apple_black_rot/257.JPG,2
/Apple_black_rot/129.JPG,2
/Apple_black_rot/106.JPG,2
/Apple_black_rot/301.JPG,2
/Apple_black_rot/368.JPG,2
/Apple_black_rot/305.JPG,2
/Apple_black_rot/95.JPG,2
/Apple_black_rot/387.JPG,2
/Apple_black_rot/146.JPG,2
/Apple_black_rot/333.JPG,2
/Apple_black_rot/185.JPG,2
/Apple_black_rot/231.JPG,2
/Apple_black_rot/292.JPG,2
/Apple_black_rot/262.JPG,2
/Apple_black_rot/97.JPG,2
/Apple_black_rot/14.JPG,2
/Apple_black_rot/51.JPG,2
/Apple_black_rot/170.JPG,2
/Apple_black_rot/271.JPG,2
/Apple_black_rot/309.JPG,2
/Apple_black_rot/346.JPG,2
/Apple_black_rot/162.JPG,2
/Apple_black_rot/245.JPG,2
/Apple_black_rot/286.JPG,2
/Apple_black_rot/24.JPG,2
/Apple_black_rot/127.JPG,2
/Apple_black_rot/150.JPG,2
/Apple_black_rot/353.JPG,2
/Apple_black_rot/122.JPG,2
/Apple_black_rot/152.JPG,2
/Apple_black_rot/374.JPG,2
/Apple_black_rot/369.JPG,2
/Apple_black_rot/134.JPG,2
/Apple_black_rot/191.JPG,2
/Apple_black_rot/355.JPG,2
/Apple_black_rot/13.JPG,2
/Apple_black_rot/247.JPG,2
/Apple_black_rot/379.JPG,2
/Apple_black_rot/132.JPG,2
/Apple_black_rot/376.JPG,2
/Apple_black_rot/176.JPG,2
/Apple_black_rot/116.JPG,2
/Apple_black_rot/139.JPG,2
/Apple_black_rot/335.JPG,2
/Apple_black_rot/261.JPG,2
/Apple_black_rot/377.JPG,2
/Apple_black_rot/312.JPG,2
/Apple_black_rot/214.JPG,2
/Apple_black_rot/40.JPG,2
/Apple_black_rot/255.JPG,2
/Apple_black_rot/211.JPG,2
/Apple_black_rot/92.JPG,2
/Tomato_curl_virus/25.JPG,3
/Tomato_curl_virus/39.JPG,3
/Tomato_curl_virus/144.JPG,3
/Tomato_curl_virus/46.JPG,3
/Tomato_curl_virus/311.JPG,3
/Tomato_curl_virus/250.JPG,3
/Tomato_curl_virus/160.JPG,3
/Tomato_curl_virus/38.JPG,3
/Tomato_curl_virus/293.JPG,3
/Tomato_curl_virus/54.JPG,3
/Tomato_curl_virus/182.JPG,3
/Tomato_curl_virus/272.JPG,3
/Tomato_curl_virus/113.JPG,3
/Tomato_curl_virus/230.JPG,3
/Tomato_curl_virus/41.JPG,3
/Tomato_curl_virus/268.JPG,3
/Tomato_curl_virus/197.JPG,3
/Tomato_curl_virus/237.JPG,3
/Tomato_curl_virus/316.JPG,3
/Tomato_curl_virus/93.JPG,3
/Tomato_curl_virus/57.JPG,3
/Tomato_curl_virus/20.JPG,3
/Tomato_curl_virus/326.JPG,3
/Tomato_curl_virus/327.JPG,3
/Tomato_curl_virus/147.JPG,3
/Tomato_curl_virus/153.JPG,3
/Tomato_curl_virus/16.JPG,3
/Tomato_curl_virus/200.JPG,3
/Tomato_curl_virus/175.JPG,3
/Tomato_curl_virus/189.JPG,3
/Tomato_curl_virus/94.JPG,3
/Tomato_curl_virus/4.JPG,3
/Tomato_curl_virus/10.JPG,3
/Tomato_curl_virus/323.JPG,3
/Tomato_curl_virus/28.JPG,3
/Tomato_curl_virus/128.JPG,3
/Tomato_curl_virus/279.JPG,3
/Tomato_curl_virus/137.JPG,3
/Tomato_curl_virus/199.JPG,3
/Tomato_curl_virus/310.JPG,3
/Tomato_curl_virus/89.JPG,3
/Tomato_curl_virus/81.JPG,3
/Tomato_curl_virus/319.JPG,3
/Tomato_curl_virus/121.JPG,3
/Tomato_curl_virus/138.JPG,3
/Tomato_curl_virus/7.JPG,3
/Tomato_curl_virus/60.JPG,3
/Tomato_curl_virus/143.JPG,3
/Tomato_curl_virus/209.JPG,3
/Tomato_curl_virus/15.JPG,3
/Tomato_curl_virus/183.JPG,3
/Tomato_curl_virus/221.JPG,3
/Tomato_curl_virus/77.JPG,3
/Tomato_curl_virus/188.JPG,3
/Tomato_curl_virus/56.JPG,3
/Tomato_curl_virus/62.JPG,3
/Tomato_curl_virus/18.JPG,3
/Tomato_curl_virus/328.JPG,3
/Tomato_curl_virus/73.JPG,3
/Tomato_curl_virus/269.JPG,3
/Tomato_curl_virus/53.JPG,3
/Tomato_curl_virus/256.JPG,3
/Tomato_curl_virus/44.JPG,3
/Tomato_curl_virus/204.JPG,3
/Tomato_curl_virus/264.JPG,3
/Tomato_curl_virus/308.JPG,3
/Tomato_curl_virus/64.JPG,3
/Tomato_curl_virus/91.JPG,3
/Tomato_curl_virus/259.JPG,3
/Tomato_curl_virus/252.JPG,3
/Tomato_curl_virus/238.JPG,3
/Tomato_curl_virus/125.JPG,3
/Tomato_curl_virus/324.JPG,3
/Tomato_curl_virus/126.JPG,3
/Tomato_curl_virus/29.JPG,3
/Tomato_curl_virus/58.JPG,3
/Tomato_curl_virus/225.JPG,3
/Tomato_curl_virus/9.JPG,3
/Tomato_curl_virus/223.JPG,3
/Tomato_curl_virus/79.JPG,3
/Tomato_curl_virus/158.JPG,3
/Tomato_curl_virus/228.JPG,3
/Tomato_curl_virus/287.JPG,3
/Tomato_curl_virus/285.JPG,3
/Tomato_curl_virus/192.JPG,3
/Tomato_curl_virus/263.JPG,3
/Tomato_curl_virus/294.JPG,3
/Tomato_curl_virus/156.JPG,3
/Tomato_curl_virus/186.JPG,3
/Tomato_curl_virus/249.JPG,3
/Tomato_curl_virus/212.JPG,3
/Tomato_curl_virus/66.JPG,3
/Tomato_curl_virus/290.JPG,3
/Tomato_curl_virus/130.JPG,3
/Tomato_curl_virus/103.JPG,3
/Tomato_curl_virus/133.JPG,3
/Tomato_curl_virus/274.JPG,3
/Tomato_curl_virus/115.JPG,3
/Tomato_curl_virus/34.JPG,3
/Tomato_curl_virus/198.JPG,3
/Tomato_curl_virus/84.JPG,3
/Tomato_curl_virus/174.JPG,3
/Tomato_curl_virus/74.JPG,3
/Tomato_curl_virus/43.JPG,3
/Tomato_curl_virus/282.JPG,3
/Tomato_curl_virus/11.JPG,3
/Tomato_curl_virus/180.JPG,3
/Tomato_curl_virus/295.JPG,3
/Tomato_curl_virus/169.JPG,3
/Tomato_curl_virus/190.JPG,3
/Tomato_curl_virus/297.JPG,3
/Tomato_curl_virus/254.JPG,3
/Tomato_curl_virus/120.JPG,3
/Tomato_curl_virus/265.JPG,3
/Tomato_curl_virus/270.JPG,3
/Tomato_curl_virus/124.JPG,3
/Tomato_curl_virus/227.JPG,3
/Tomato_curl_virus/26.JPG,3
/Tomato_curl_virus/168.JPG,3
/Tomato_curl_virus/61.JPG,3
/Tomato_curl_virus/306.JPG,3
/Tomato_curl_virus/82.JPG,3
/Tomato_curl_virus/233.JPG,3
/Tomato_curl_virus/37.JPG,3
/Tomato_curl_virus/194.JPG,3
/Tomato_curl_virus/100.JPG,3
/Tomato_curl_virus/202.JPG,3
/Tomato_curl_virus/112.JPG,3
/Tomato_curl_virus/325.JPG,3
/Tomato_curl_virus/289.JPG,3
/Tomato_curl_virus/300.JPG,3
/Tomato_curl_virus/86.JPG,3
/Tomato_curl_virus/304.JPG,3
/Tomato_curl_virus/75.JPG,3
/Tomato_curl_virus/12.JPG,3
/Tomato_curl_virus/163.JPG,3
/Tomato_curl_virus/267.JPG,3
/Tomato_curl_virus/284.JPG,3
/Tomato_curl_virus/71.JPG,3
/Tomato_curl_virus/99.JPG,3
/Tomato_curl_virus/33.JPG,3
/Tomato_curl_virus/257.JPG,3
/Tomato_curl_virus/129.JPG,3
/Tomato_curl_virus/106.JPG,3
/Tomato_curl_virus/301.JPG,3
/Tomato_curl_virus/305.JPG,3
/Tomato_curl_virus/95.JPG,3
/Tomato_curl_virus/146.JPG,3
/Tomato_curl_virus/185.JPG,3
/Tomato_curl_virus/231.JPG,3
/Tomato_curl_virus/292.JPG,3
/Tomato_curl_virus/262.JPG,3
/Tomato_curl_virus/97.JPG,3
/Tomato_curl_virus/14.JPG,3
/Tomato_curl_virus/51.JPG,3
/Tomato_curl_virus/170.JPG,3
/Tomato_curl_virus/271.JPG,3
/Tomato_curl_virus/309.JPG,3
/Tomato_curl_virus/162.JPG,3
/Tomato_curl_virus/245.JPG,3
/Tomato_curl_virus/286.JPG,3
/Tomato_curl_virus/24.JPG,3
/Tomato_curl_virus/127.JPG,3
/Tomato_curl_virus/150.JPG,3
/Tomato_curl_virus/122.JPG,3
/Tomato_curl_virus/152.JPG,3
/Tomato_curl_virus/134.JPG,3
/Tomato_curl_virus/191.JPG,3
/Tomato_curl_virus/13.JPG,3
/Tomato_curl_virus/247.JPG,3
/Tomato_curl_virus/132.JPG,3
/Tomato_curl_virus/176.JPG,3
/Tomato_curl_virus/116.JPG,3
/Tomato_curl_virus/139.JPG,3
/Tomato_curl_virus/261.JPG,3
/Tomato_curl_virus/312.JPG,3
/Tomato_curl_virus/214.JPG,3
/Tomato_curl_virus/40.JPG,3
/Tomato_curl_virus/255.JPG,3
/Tomato_curl_virus/211.JPG,3
/Tomato_curl_virus/92.JPG,3
/Tomato_curl_virus/83.JPG,3
/Tomato_curl_virus/154.JPG,3
/Tomato_curl_virus/318.JPG,3
/Tomato_curl_virus/149.JPG,3
/Tomato_curl_virus/226.JPG,3
/Tomato_curl_virus/76.JPG,3
/Tomato_curl_virus/2.JPG,3
/Tomato_curl_virus/243.JPG,3
/Tomato_curl_virus/110.JPG,3
/Tomato_curl_virus/142.JPG,3
/Tomato_curl_virus/135.JPG,3
/Tomato_curl_virus/239.JPG,3
/Tomato_curl_virus/298.JPG,3
/Tomato_curl_virus/141.JPG,3
/Tomato_curl_virus/229.JPG,3
/Tomato_curl_virus/166.JPG,3
/Tomato_curl_virus/104.JPG,3
/Tomato_curl_virus/148.JPG,3
/Tomato_curl_virus/159.JPG,3
/Tomato_curl_virus/296.JPG,3
/Tomato_curl_virus/0.JPG,3
/Tomato_curl_virus/281.JPG,3
/Tomato_curl_virus/220.JPG,3
/Tomato_curl_virus/187.JPG,3
/Tomato_curl_virus/236.JPG,3
/Tomato_curl_virus/280.JPG,3
/Tomato_curl_virus/196.JPG,3
/Tomato_curl_virus/111.JPG,3
/Tomato_curl_virus/213.JPG,3
/Tomato_curl_virus/32.JPG,3
/Tomato_curl_virus/69.JPG,3
/Tomato_curl_virus/55.JPG,3
/Tomato_curl_virus/232.JPG,3
/Tomato_curl_virus/184.JPG,3
/Tomato_curl_virus/205.JPG,3
/Tomato_curl_virus/215.JPG,3
/Tomato_curl_virus/117.JPG,3
/Tomato_curl_virus/235.JPG,3
/Tomato_curl_virus/307.JPG,3
/Grape_black_measles/25.JPG,4
/Grape_black_measles/388.JPG,4
/Grape_black_measles/39.JPG,4
/Grape_black_measles/144.JPG,4
/Grape_black_measles/46.JPG,4
/Grape_black_measles/311.JPG,4
/Grape_black_measles/250.JPG,4
/Grape_black_measles/160.JPG,4
/Grape_black_measles/38.JPG,4
/Grape_black_measles/293.JPG,4
/Grape_black_measles/336.JPG,4
/Grape_black_measles/54.JPG,4
/Grape_black_measles/330.JPG,4
/Grape_black_measles/182.JPG,4
/Grape_black_measles/272.JPG,4
/Grape_black_measles/332.JPG,4
/Grape_black_measles/113.JPG,4
/Grape_black_measles/230.JPG,4
/Grape_black_measles/41.JPG,4
/Grape_black_measles/268.JPG,4
/Grape_black_measles/197.JPG,4
/Grape_black_measles/237.JPG,4
/Grape_black_measles/316.JPG,4
/Grape_black_measles/93.JPG,4
/Grape_black_measles/57.JPG,4
/Grape_black_measles/20.JPG,4
/Grape_black_measles/389.JPG,4
/Grape_black_measles/326.JPG,4
/Grape_black_measles/327.JPG,4
/Grape_black_measles/147.JPG,4
/Grape_black_measles/347.JPG,4
/Grape_black_measles/153.JPG,4
/Grape_black_measles/16.JPG,4
/Grape_black_measles/200.JPG,4
/Grape_black_measles/175.JPG,4
/Grape_black_measles/189.JPG,4
/Grape_black_measles/94.JPG,4
/Grape_black_measles/4.JPG,4
/Grape_black_measles/10.JPG,4
/Grape_black_measles/323.JPG,4
/Grape_black_measles/28.JPG,4
/Grape_black_measles/385.JPG,4
/Grape_black_measles/128.JPG,4
/Grape_black_measles/279.JPG,4
/Grape_black_measles/137.JPG,4
/Grape_black_measles/364.JPG,4
/Grape_black_measles/340.JPG,4
/Grape_black_measles/362.JPG,4
/Grape_black_measles/199.JPG,4
/Grape_black_measles/338.JPG,4
/Grape_black_measles/310.JPG,4
/Grape_black_measles/89.JPG,4
/Grape_black_measles/81.JPG,4
/Grape_black_measles/371.JPG,4
/Grape_black_measles/319.JPG,4
/Grape_black_measles/121.JPG,4
/Grape_black_measles/138.JPG,4
/Grape_black_measles/339.JPG,4
/Grape_black_measles/7.JPG,4
/Grape_black_measles/60.JPG,4
/Grape_black_measles/143.JPG,4
/Grape_black_measles/209.JPG,4
/Grape_black_measles/15.JPG,4
/Grape_black_measles/183.JPG,4
/Grape_black_measles/221.JPG,4
/Grape_black_measles/77.JPG,4
/Grape_black_measles/188.JPG,4
/Grape_black_measles/56.JPG,4
/Grape_black_measles/62.JPG,4
/Grape_black_measles/18.JPG,4
/Grape_black_measles/366.JPG,4
/Grape_black_measles/328.JPG,4
/Grape_black_measles/383.JPG,4
/Grape_black_measles/386.JPG,4
/Grape_black_measles/73.JPG,4
/Grape_black_measles/269.JPG,4
/Grape_black_measles/53.JPG,4
/Grape_black_measles/256.JPG,4
/Grape_black_measles/44.JPG,4
/Grape_black_measles/204.JPG,4
/Grape_black_measles/264.JPG,4
/Grape_black_measles/308.JPG,4
/Grape_black_measles/64.JPG,4
/Grape_black_measles/91.JPG,4
/Grape_black_measles/259.JPG,4
/Grape_black_measles/252.JPG,4
/Grape_black_measles/354.JPG,4
/Grape_black_measles/238.JPG,4
/Grape_black_measles/125.JPG,4
/Grape_black_measles/324.JPG,4
/Grape_black_measles/382.JPG,4
/Grape_black_measles/126.JPG,4
/Grape_black_measles/29.JPG,4
/Grape_black_measles/58.JPG,4
/Grape_black_measles/225.JPG,4
/Grape_black_measles/9.JPG,4
/Grape_black_measles/223.JPG,4
/Grape_black_measles/341.JPG,4
/Grape_black_measles/79.JPG,4
/Grape_black_measles/158.JPG,4
/Grape_black_measles/228.JPG,4
/Grape_black_measles/287.JPG,4
/Grape_black_measles/285.JPG,4
/Grape_black_measles/360.JPG,4
/Grape_black_measles/192.JPG,4
/Grape_black_measles/263.JPG,4
/Grape_black_measles/294.JPG,4
/Grape_black_measles/156.JPG,4
/Grape_black_measles/186.JPG,4
/Grape_black_measles/249.JPG,4
/Grape_black_measles/212.JPG,4
/Grape_black_measles/66.JPG,4
/Grape_black_measles/290.JPG,4
/Grape_black_measles/130.JPG,4
/Grape_black_measles/103.JPG,4
/Grape_black_measles/133.JPG,4
/Grape_black_measles/274.JPG,4
/Grape_black_measles/115.JPG,4
/Grape_black_measles/34.JPG,4
/Grape_black_measles/198.JPG,4
/Grape_black_measles/84.JPG,4
/Grape_black_measles/174.JPG,4
/Grape_black_measles/74.JPG,4
/Grape_black_measles/43.JPG,4
/Grape_black_measles/282.JPG,4
/Grape_black_measles/11.JPG,4
/Grape_black_measles/180.JPG,4
/Grape_black_measles/295.JPG,4
/Grape_black_measles/372.JPG,4
/Grape_black_measles/169.JPG,4
/Grape_black_measles/190.JPG,4
/Grape_black_measles/297.JPG,4
/Grape_black_measles/254.JPG,4
/Grape_black_measles/120.JPG,4
/Grape_black_measles/265.JPG,4
/Grape_black_measles/384.JPG,4
/Grape_black_measles/270.JPG,4
/Grape_black_measles/357.JPG,4
/Grape_black_measles/124.JPG,4
/Grape_black_measles/227.JPG,4
/Grape_black_measles/342.JPG,4
/Grape_black_measles/365.JPG,4
/Grape_black_measles/26.JPG,4
/Grape_black_measles/168.JPG,4
/Grape_black_measles/359.JPG,4
/Grape_black_measles/61.JPG,4
/Grape_black_measles/306.JPG,4
/Grape_black_measles/82.JPG,4
/Grape_black_measles/233.JPG,4
/Grape_black_measles/344.JPG,4
/Grape_black_measles/37.JPG,4
/Grape_black_measles/194.JPG,4
/Grape_black_measles/100.JPG,4
/Grape_black_measles/202.JPG,4
/Grape_black_measles/112.JPG,4
/Grape_black_measles/325.JPG,4
/Grape_black_measles/289.JPG,4
/Grape_black_measles/300.JPG,4
/Grape_black_measles/86.JPG,4
/Grape_black_measles/304.JPG,4
/Grape_black_measles/75.JPG,4
/Grape_black_measles/12.JPG,4
/Grape_black_measles/163.JPG,4
/Grape_black_measles/267.JPG,4
/Grape_black_measles/284.JPG,4
/Grape_black_measles/71.JPG,4
/Grape_black_measles/99.JPG,4
/Grape_black_measles/33.JPG,4
/Grape_black_measles/257.JPG,4
/Grape_black_measles/129.JPG,4
/Grape_black_measles/106.JPG,4
/Grape_black_measles/301.JPG,4
/Grape_black_measles/368.JPG,4
/Grape_black_measles/305.JPG,4
/Grape_black_measles/95.JPG,4
/Grape_black_measles/387.JPG,4
/Grape_black_measles/146.JPG,4
/Grape_black_measles/333.JPG,4
/Grape_black_measles/185.JPG,4
/Grape_black_measles/231.JPG,4
/Grape_black_measles/292.JPG,4
/Grape_black_measles/391.JPG,4
/Grape_black_measles/262.JPG,4
/Grape_black_measles/97.JPG,4
/Grape_black_measles/14.JPG,4
/Grape_black_measles/51.JPG,4
/Grape_black_measles/170.JPG,4
/Grape_black_measles/271.JPG,4
/Grape_black_measles/309.JPG,4
/Grape_black_measles/346.JPG,4
/Grape_black_measles/162.JPG,4
/Grape_black_measles/245.JPG,4
/Grape_black_measles/286.JPG,4
/Grape_black_measles/24.JPG,4
/Grape_black_measles/127.JPG,4
/Grape_black_measles/150.JPG,4
/Grape_black_measles/353.JPG,4
/Grape_black_measles/122.JPG,4
/Grape_black_measles/152.JPG,4
/Grape_black_measles/374.JPG,4
/Grape_black_measles/369.JPG,4
/Grape_black_measles/134.JPG,4
/Grape_black_measles/191.JPG,4
/Grape_black_measles/355.JPG,4
/Grape_black_measles/13.JPG,4
/Grape_black_measles/247.JPG,4
/Grape_black_measles/379.JPG,4
/Grape_black_measles/132.JPG,4
/Grape_black_measles/376.JPG,4
/Grape_black_measles/176.JPG,4
/Grape_black_measles/116.JPG,4
/Grape_black_measles/139.JPG,4
/Grape_black_measles/335.JPG,4
/Grape_black_measles/261.JPG,4
/Grape_black_measles/377.JPG,4
/Grape_black_measles/312.JPG,4
/Grape_black_measles/214.JPG,4
/Grape_black_measles/40.JPG,4
/Grape_black_measles/255.JPG,4
/Grape_black_measles/211.JPG,4
/Grape_black_rot/25.JPG,5
/Grape_black_rot/388.JPG,5
/Grape_black_rot/39.JPG,5
/Grape_black_rot/144.JPG,5
/Grape_black_rot/46.JPG,5
/Grape_black_rot/311.JPG,5
/Grape_black_rot/250.JPG,5
/Grape_black_rot/160.JPG,5
/Grape_black_rot/38.JPG,5
/Grape_black_rot/293.JPG,5
/Grape_black_rot/336.JPG,5
/Grape_black_rot/54.JPG,5
/Grape_black_rot/330.JPG,5
/Grape_black_rot/182.JPG,5
/Grape_black_rot/272.JPG,5
/Grape_black_rot/332.JPG,5
/Grape_black_rot/113.JPG,5
/Grape_black_rot/230.JPG,5
/Grape_black_rot/41.JPG,5
/Grape_black_rot/268.JPG,5
/Grape_black_rot/197.JPG,5
/Grape_black_rot/237.JPG,5
/Grape_black_rot/316.JPG,5
/Grape_black_rot/93.JPG,5
/Grape_black_rot/57.JPG,5
/Grape_black_rot/20.JPG,5
/Grape_black_rot/389.JPG,5
/Grape_black_rot/326.JPG,5
/Grape_black_rot/327.JPG,5
/Grape_black_rot/147.JPG,5
/Grape_black_rot/347.JPG,5
/Grape_black_rot/153.JPG,5
/Grape_black_rot/16.JPG,5
/Grape_black_rot/200.JPG,5
/Grape_black_rot/175.JPG,5
/Grape_black_rot/189.JPG,5
/Grape_black_rot/94.JPG,5
/Grape_black_rot/4.JPG,5
/Grape_black_rot/10.JPG,5
/Grape_black_rot/323.JPG,5
/Grape_black_rot/28.JPG,5
/Grape_black_rot/385.JPG,5
/Grape_black_rot/128.JPG,5
/Grape_black_rot/279.JPG,5
/Grape_black_rot/137.JPG,5
/Grape_black_rot/364.JPG,5
/Grape_black_rot/340.JPG,5
/Grape_black_rot/362.JPG,5
/Grape_black_rot/199.JPG,5
/Grape_black_rot/338.JPG,5
/Grape_black_rot/310.JPG,5
/Grape_black_rot/89.JPG,5
/Grape_black_rot/81.JPG,5
/Grape_black_rot/371.JPG,5
/Grape_black_rot/319.JPG,5
/Grape_black_rot/121.JPG,5
/Grape_black_rot/138.JPG,5
/Grape_black_rot/339.JPG,5
/Grape_black_rot/7.JPG,5
/Grape_black_rot/60.JPG,5
/Grape_black_rot/143.JPG,5
/Grape_black_rot/209.JPG,5
/Grape_black_rot/15.JPG,5
/Grape_black_rot/183.JPG,5
/Grape_black_rot/221.JPG,5
/Grape_black_rot/77.JPG,5
/Grape_black_rot/188.JPG,5
/Grape_black_rot/56.JPG,5
/Grape_black_rot/62.JPG,5
/Grape_black_rot/18.JPG,5
/Grape_black_rot/366.JPG,5
/Grape_black_rot/328.JPG,5
/Grape_black_rot/383.JPG,5
/Grape_black_rot/386.JPG,5
/Grape_black_rot/73.JPG,5
/Grape_black_rot/269.JPG,5
/Grape_black_rot/53.JPG,5
/Grape_black_rot/256.JPG,5
/Grape_black_rot/44.JPG,5
/Grape_black_rot/204.JPG,5
/Grape_black_rot/264.JPG,5
/Grape_black_rot/308.JPG,5
/Grape_black_rot/64.JPG,5
/Grape_black_rot/91.JPG,5
/Grape_black_rot/259.JPG,5
/Grape_black_rot/252.JPG,5
/Grape_black_rot/354.JPG,5
/Grape_black_rot/238.JPG,5
/Grape_black_rot/125.JPG,5
/Grape_black_rot/324.JPG,5
/Grape_black_rot/382.JPG,5
/Grape_black_rot/126.JPG,5
/Grape_black_rot/29.JPG,5
/Grape_black_rot/58.JPG,5
/Grape_black_rot/225.JPG,5
/Grape_black_rot/9.JPG,5
/Grape_black_rot/223.JPG,5
/Grape_black_rot/341.JPG,5
/Grape_black_rot/79.JPG,5
/Grape_black_rot/158.JPG,5
/Grape_black_rot/228.JPG,5
/Grape_black_rot/287.JPG,5
/Grape_black_rot/285.JPG,5
/Grape_black_rot/360.JPG,5
/Grape_black_rot/192.JPG,5
/Grape_black_rot/263.JPG,5
/Grape_black_rot/294.JPG,5
/Grape_black_rot/156.JPG,5
/Grape_black_rot/186.JPG,5
/Grape_black_rot/249.JPG,5
/Grape_black_rot/212.JPG,5
/Grape_black_rot/66.JPG,5
/Grape_black_rot/290.JPG,5
/Grape_black_rot/130.JPG,5
/Grape_black_rot/103.JPG,5
/Grape_black_rot/133.JPG,5
/Grape_black_rot/274.JPG,5
/Grape_black_rot/115.JPG,5
/Grape_black_rot/34.JPG,5
/Grape_black_rot/198.JPG,5
/Grape_black_rot/84.JPG,5
/Grape_black_rot/174.JPG,5
/Grape_black_rot/74.JPG,5
/Grape_black_rot/43.JPG,5
/Grape_black_rot/282.JPG,5
/Grape_black_rot/11.JPG,5
/Grape_black_rot/180.JPG,5
/Grape_black_rot/295.JPG,5
/Grape_black_rot/372.JPG,5
/Grape_black_rot/169.JPG,5
/Grape_black_rot/190.JPG,5
/Grape_black_rot/297.JPG,5
/Grape_black_rot/254.JPG,5
/Grape_black_rot/120.JPG,5
/Grape_black_rot/265.JPG,5
/Grape_black_rot/384.JPG,5
/Grape_black_rot/270.JPG,5
/Grape_black_rot/357.JPG,5
/Grape_black_rot/124.JPG,5
/Grape_black_rot/227.JPG,5
/Grape_black_rot/342.JPG,5
/Grape_black_rot/365.JPG,5
/Grape_black_rot/26.JPG,5
/Grape_black_rot/168.JPG,5
/Grape_black_rot/359.JPG,5
/Grape_black_rot/61.JPG,5
/Grape_black_rot/306.JPG,5
/Grape_black_rot/82.JPG,5
/Grape_black_rot/233.JPG,5
/Grape_black_rot/344.JPG,5
/Grape_black_rot/37.JPG,5
/Grape_black_rot/194.JPG,5
/Grape_black_rot/100.JPG,5
/Grape_black_rot/202.JPG,5
/Grape_black_rot/112.JPG,5
/Grape_black_rot/325.JPG,5
/Grape_black_rot/289.JPG,5
/Grape_black_rot/300.JPG,5
/Grape_black_rot/86.JPG,5
/Grape_black_rot/304.JPG,5
/Grape_black_rot/75.JPG,5
/Grape_black_rot/12.JPG,5
/Grape_black_rot/163.JPG,5
/Grape_black_rot/267.JPG,5
/Grape_black_rot/284.JPG,5
/Grape_black_rot/71.JPG,5
/Grape_black_rot/99.JPG,5
/Grape_black_rot/33.JPG,5
/Grape_black_rot/257.JPG,5
/Grape_black_rot/129.JPG,5
/Grape_black_rot/106.JPG,5
/Grape_black_rot/301.JPG,5
/Grape_black_rot/368.JPG,5
/Grape_black_rot/305.JPG,5
/Grape_black_rot/95.JPG,5
/Grape_black_rot/387.JPG,5
/Grape_black_rot/146.JPG,5
/Grape_black_rot/333.JPG,5
/Grape_black_rot/185.JPG,5
/Grape_black_rot/231.JPG,5
/Grape_black_rot/292.JPG,5
/Grape_black_rot/391.JPG,5
/Grape_black_rot/262.JPG,5
/Grape_black_rot/97.JPG,5
/Grape_black_rot/14.JPG,5
/Grape_black_rot/51.JPG,5
/Grape_black_rot/170.JPG,5
/Grape_black_rot/271.JPG,5
/Grape_black_rot/309.JPG,5
/Grape_black_rot/346.JPG,5
/Grape_black_rot/162.JPG,5
/Grape_black_rot/245.JPG,5
/Grape_black_rot/286.JPG,5
/Grape_black_rot/24.JPG,5
/Grape_black_rot/127.JPG,5
/Grape_black_rot/150.JPG,5
/Grape_black_rot/353.JPG,5
/Grape_black_rot/122.JPG,5
/Grape_black_rot/152.JPG,5
/Grape_black_rot/374.JPG,5
/Grape_black_rot/369.JPG,5
/Grape_black_rot/134.JPG,5
/Grape_black_rot/191.JPG,5
/Grape_black_rot/355.JPG,5
/Grape_black_rot/13.JPG,5
/Grape_black_rot/247.JPG,5
/Grape_black_rot/379.JPG,5
/Grape_black_rot/132.JPG,5
/Grape_black_rot/376.JPG,5
/Grape_black_rot/176.JPG,5
/Grape_black_rot/116.JPG,5
/Grape_black_rot/139.JPG,5
/Grape_black_rot/335.JPG,5
/Grape_black_rot/261.JPG,5
/Grape_black_rot/377.JPG,5
/Grape_black_rot/312.JPG,5
/Grape_black_rot/214.JPG,5
/Grape_black_rot/40.JPG,5
/Grape_black_rot/255.JPG,5
/Grape_black_rot/211.JPG,5
/Apple_apple_scab/25.JPG,6
/Apple_apple_scab/39.JPG,6
/Apple_apple_scab/144.JPG,6
/Apple_apple_scab/46.JPG,6
/Apple_apple_scab/311.JPG,6
/Apple_apple_scab/250.JPG,6
/Apple_apple_scab/160.JPG,6
/Apple_apple_scab/38.JPG,6
/Apple_apple_scab/293.JPG,6
/Apple_apple_scab/336.JPG,6
/Apple_apple_scab/54.JPG,6
/Apple_apple_scab/330.JPG,6
/Apple_apple_scab/182.JPG,6
/Apple_apple_scab/272.JPG,6
/Apple_apple_scab/332.JPG,6
/Apple_apple_scab/113.JPG,6
/Apple_apple_scab/230.JPG,6
/Apple_apple_scab/41.JPG,6
/Apple_apple_scab/268.JPG,6
/Apple_apple_scab/197.JPG,6
/Apple_apple_scab/237.JPG,6
/Apple_apple_scab/316.JPG,6
/Apple_apple_scab/93.JPG,6
/Apple_apple_scab/57.JPG,6
/Apple_apple_scab/20.JPG,6
/Apple_apple_scab/326.JPG,6
/Apple_apple_scab/327.JPG,6
/Apple_apple_scab/147.JPG,6
/Apple_apple_scab/347.JPG,6
/Apple_apple_scab/153.JPG,6
/Apple_apple_scab/16.JPG,6
/Apple_apple_scab/200.JPG,6
/Apple_apple_scab/175.JPG,6
/Apple_apple_scab/189.JPG,6
/Apple_apple_scab/94.JPG,6
/Apple_apple_scab/4.JPG,6
/Apple_apple_scab/10.JPG,6
/Apple_apple_scab/323.JPG,6
/Apple_apple_scab/28.JPG,6
/Apple_apple_scab/128.JPG,6
/Apple_apple_scab/279.JPG,6
/Apple_apple_scab/137.JPG,6
/Apple_apple_scab/340.JPG,6
/Apple_apple_scab/199.JPG,6
/Apple_apple_scab/338.JPG,6
/Apple_apple_scab/310.JPG,6
/Apple_apple_scab/89.JPG,6
/Apple_apple_scab/81.JPG,6
/Apple_apple_scab/319.JPG,6
/Apple_apple_scab/121.JPG,6
/Apple_apple_scab/138.JPG,6
/Apple_apple_scab/339.JPG,6
/Apple_apple_scab/7.JPG,6
/Apple_apple_scab/60.JPG,6
/Apple_apple_scab/143.JPG,6
/Apple_apple_scab/209.JPG,6
/Apple_apple_scab/15.JPG,6
/Apple_apple_scab/183.JPG,6
/Apple_apple_scab/221.JPG,6
/Apple_apple_scab/77.JPG,6
/Apple_apple_scab/188.JPG,6
/Apple_apple_scab/56.JPG,6
/Apple_apple_scab/62.JPG,6
/Apple_apple_scab/18.JPG,6
/Apple_apple_scab/328.JPG,6
/Apple_apple_scab/73.JPG,6
/Apple_apple_scab/269.JPG,6
/Apple_apple_scab/53.JPG,6
/Apple_apple_scab/256.JPG,6
/Apple_apple_scab/44.JPG,6
/Apple_apple_scab/204.JPG,6
/Apple_apple_scab/264.JPG,6
/Apple_apple_scab/308.JPG,6
/Apple_apple_scab/64.JPG,6
/Apple_apple_scab/91.JPG,6
/Apple_apple_scab/259.JPG,6
/Apple_apple_scab/252.JPG,6
/Apple_apple_scab/354.JPG,6
/Apple_apple_scab/238.JPG,6
/Apple_apple_scab/125.JPG,6
/Apple_apple_scab/324.JPG,6
/Apple_apple_scab/126.JPG,6
/Apple_apple_scab/29.JPG,6
/Apple_apple_scab/58.JPG,6
/Apple_apple_scab/225.JPG,6
/Apple_apple_scab/9.JPG,6
/Apple_apple_scab/223.JPG,6
/Apple_apple_scab/341.JPG,6
/Apple_apple_scab/79.JPG,6
/Apple_apple_scab/158.JPG,6
/Apple_apple_scab/228.JPG,6
/Apple_apple_scab/287.JPG,6
/Apple_apple_scab/285.JPG,6
/Apple_apple_scab/192.JPG,6
/Apple_apple_scab/263.JPG,6
/Apple_apple_scab/294.JPG,6
/Apple_apple_scab/156.JPG,6
/Apple_apple_scab/186.JPG,6
/Apple_apple_scab/249.JPG,6
/Apple_apple_scab/212.JPG,6
/Apple_apple_scab/66.JPG,6
/Apple_apple_scab/290.JPG,6
/Apple_apple_scab/130.JPG,6
/Apple_apple_scab/103.JPG,6
/Apple_apple_scab/133.JPG,6
/Apple_apple_scab/274.JPG,6
/Apple_apple_scab/115.JPG,6
/Apple_apple_scab/34.JPG,6
/Apple_apple_scab/198.JPG,6
/Apple_apple_scab/84.JPG,6
/Apple_apple_scab/174.JPG,6
/Apple_apple_scab/74.JPG,6
/Apple_apple_scab/43.JPG,6
/Apple_apple_scab/282.JPG,6
/Apple_apple_scab/11.JPG,6
/Apple_apple_scab/180.JPG,6
/Apple_apple_scab/295.JPG,6
/Apple_apple_scab/169.JPG,6
/Apple_apple_scab/190.JPG,6
/Apple_apple_scab/297.JPG,6
/Apple_apple_scab/254.JPG,6
/Apple_apple_scab/120.JPG,6
/Apple_apple_scab/265.JPG,6
/Apple_apple_scab/270.JPG,6
/Apple_apple_scab/357.JPG,6
/Apple_apple_scab/124.JPG,6
/Apple_apple_scab/227.JPG,6
/Apple_apple_scab/342.JPG,6
/Apple_apple_scab/26.JPG,6
/Apple_apple_scab/168.JPG,6
/Apple_apple_scab/359.JPG,6
/Apple_apple_scab/61.JPG,6
/Apple_apple_scab/306.JPG,6
/Apple_apple_scab/82.JPG,6
/Apple_apple_scab/233.JPG,6
/Apple_apple_scab/344.JPG,6
/Apple_apple_scab/37.JPG,6
/Apple_apple_scab/194.JPG,6
/Apple_apple_scab/100.JPG,6
/Apple_apple_scab/202.JPG,6
/Apple_apple_scab/112.JPG,6
/Apple_apple_scab/325.JPG,6
/Apple_apple_scab/289.JPG,6
/Apple_apple_scab/300.JPG,6
/Apple_apple_scab/86.JPG,6
/Apple_apple_scab/304.JPG,6
/Apple_apple_scab/75.JPG,6
/Apple_apple_scab/12.JPG,6
/Apple_apple_scab/163.JPG,6
/Apple_apple_scab/267.JPG,6
/Apple_apple_scab/284.JPG,6
/Apple_apple_scab/71.JPG,6
/Apple_apple_scab/99.JPG,6
/Apple_apple_scab/33.JPG,6
/Apple_apple_scab/257.JPG,6
/Apple_apple_scab/129.JPG,6
/Apple_apple_scab/106.JPG,6
/Apple_apple_scab/301.JPG,6
/Apple_apple_scab/305.JPG,6
/Apple_apple_scab/95.JPG,6
/Apple_apple_scab/146.JPG,6
/Apple_apple_scab/333.JPG,6
/Apple_apple_scab/185.JPG,6
/Apple_apple_scab/231.JPG,6
/Apple_apple_scab/292.JPG,6
/Apple_apple_scab/262.JPG,6
/Apple_apple_scab/97.JPG,6
/Apple_apple_scab/14.JPG,6
/Apple_apple_scab/51.JPG,6
/Apple_apple_scab/170.JPG,6
/Apple_apple_scab/271.JPG,6
/Apple_apple_scab/309.JPG,6
/Apple_apple_scab/346.JPG,6
/Apple_apple_scab/162.JPG,6
/Apple_apple_scab/245.JPG,6
/Apple_apple_scab/286.JPG,6
/Apple_apple_scab/24.JPG,6
/Apple_apple_scab/127.JPG,6
/Apple_apple_scab/150.JPG,6
/Apple_apple_scab/353.JPG,6
/Apple_apple_scab/122.JPG,6
/Apple_apple_scab/152.JPG,6
/Apple_apple_scab/134.JPG,6
/Apple_apple_scab/191.JPG,6
/Apple_apple_scab/355.JPG,6
/Apple_apple_scab/13.JPG,6
/Apple_apple_scab/247.JPG,6
/Apple_apple_scab/132.JPG,6
/Apple_apple_scab/176.JPG,6
/Apple_apple_scab/116.JPG,6
/Apple_apple_scab/139.JPG,6
/Apple_apple_scab/335.JPG,6
/Apple_apple_scab/261.JPG,6
/Apple_apple_scab/312.JPG,6
/Apple_apple_scab/214.JPG,6
/Apple_apple_scab/40.JPG,6
/Apple_apple_scab/255.JPG,6
/Apple_apple_scab/211.JPG,6
/Apple_apple_scab/92.JPG,6
/Apple_apple_scab/349.JPG,6
/Apple_apple_scab/83.JPG,6
/Apple_apple_scab/154.JPG,6
/Apple_apple_scab/318.JPG,6
/Apple_apple_scab/149.JPG,6
/Apple_apple_scab/226.JPG,6
/Apple_apple_scab/76.JPG,6
/Apple_apple_scab/2.JPG,6
/Apple_apple_scab/243.JPG,6
/Apple_apple_scab/345.JPG,6
/Apple_apple_scab/110.JPG,6
/Apple_apple_scab/142.JPG,6
/Apple_apple_scab/135.JPG,6
/Apple_apple_scab/239.JPG,6
/Apple_apple_scab/298.JPG,6
/Apple_apple_scab/141.JPG,6
/Apple_apple_scab/229.JPG,6
/Apple_apple_scab/166.JPG,6
/Apple_apple_scab/358.JPG,6
/Apple_apple_scab/334.JPG,6
/Apple_apple_scab/104.JPG,6
/Squash_mildew/25.JPG,7
/Squash_mildew/39.JPG,7
/Squash_mildew/144.JPG,7
/Squash_mildew/46.JPG,7
/Squash_mildew/311.JPG,7
/Squash_mildew/250.JPG,7
/Squash_mildew/160.JPG,7
/Squash_mildew/38.JPG,7
/Squash_mildew/293.JPG,7
/Squash_mildew/336.JPG,7
/Squash_mildew/54.JPG,7
/Squash_mildew/330.JPG,7
/Squash_mildew/182.JPG,7
/Squash_mildew/272.JPG,7
/Squash_mildew/332.JPG,7
/Squash_mildew/113.JPG,7
/Squash_mildew/230.JPG,7
/Squash_mildew/41.JPG,7
/Squash_mildew/268.JPG,7
/Squash_mildew/197.JPG,7
/Squash_mildew/237.JPG,7
/Squash_mildew/316.JPG,7
/Squash_mildew/93.JPG,7
/Squash_mildew/57.JPG,7
/Squash_mildew/20.JPG,7
/Squash_mildew/326.JPG,7
/Squash_mildew/327.JPG,7
/Squash_mildew/147.JPG,7
/Squash_mildew/347.JPG,7
/Squash_mildew/153.JPG,7
/Squash_mildew/16.JPG,7
/Squash_mildew/200.JPG,7
/Squash_mildew/175.JPG,7
/Squash_mildew/189.JPG,7
/Squash_mildew/94.JPG,7
/Squash_mildew/4.JPG,7
/Squash_mildew/10.JPG,7
/Squash_mildew/323.JPG,7
/Squash_mildew/28.JPG,7
/Squash_mildew/128.JPG,7
/Squash_mildew/279.JPG,7
/Squash_mildew/137.JPG,7
/Squash_mildew/364.JPG,7
/Squash_mildew/340.JPG,7
/Squash_mildew/362.JPG,7
/Squash_mildew/199.JPG,7
/Squash_mildew/338.JPG,7
/Squash_mildew/310.JPG,7
/Squash_mildew/89.JPG,7
/Squash_mildew/81.JPG,7
/Squash_mildew/371.JPG,7
/Squash_mildew/319.JPG,7
/Squash_mildew/121.JPG,7
/Squash_mildew/138.JPG,7
/Squash_mildew/339.JPG,7
/Squash_mildew/7.JPG,7
/Squash_mildew/60.JPG,7
/Squash_mildew/143.JPG,7
/Squash_mildew/209.JPG,7
/Squash_mildew/15.JPG,7
/Squash_mildew/183.JPG,7
/Squash_mildew/221.JPG,7
/Squash_mildew/77.JPG,7
/Squash_mildew/188.JPG,7
/Squash_mildew/56.JPG,7
/Squash_mildew/62.JPG,7
/Squash_mildew/18.JPG,7
/Squash_mildew/366.JPG,7
/Squash_mildew/328.JPG,7
/Squash_mildew/73.JPG,7
/Squash_mildew/269.JPG,7
/Squash_mildew/53.JPG,7
/Squash_mildew/256.JPG,7
/Squash_mildew/44.JPG,7
/Squash_mildew/204.JPG,7
/Squash_mildew/264.JPG,7
/Squash_mildew/308.JPG,7
/Squash_mildew/64.JPG,7
/Squash_mildew/91.JPG,7
/Squash_mildew/259.JPG,7
/Squash_mildew/252.JPG,7
/Squash_mildew/354.JPG,7
/Squash_mildew/238.JPG,7
/Squash_mildew/125.JPG,7
/Squash_mildew/324.JPG,7
/Squash_mildew/382.JPG,7
/Squash_mildew/126.JPG,7
/Squash_mildew/29.JPG,7
/Squash_mildew/58.JPG,7
/Squash_mildew/225.JPG,7
/Squash_mildew/9.JPG,7
/Squash_mildew/223.JPG,7
/Squash_mildew/341.JPG,7
/Squash_mildew/79.JPG,7
/Squash_mildew/158.JPG,7
/Squash_mildew/228.JPG,7
/Squash_mildew/287.JPG,7
/Squash_mildew/285.JPG,7
/Squash_mildew/360.JPG,7
/Squash_mildew/192.JPG,7
/Squash_mildew/263.JPG,7
/Squash_mildew/294.JPG,7
/Squash_mildew/156.JPG,7
/Squash_mildew/186.JPG,7
/Squash_mildew/249.JPG,7
/Squash_mildew/212.JPG,7
/Squash_mildew/66.JPG,7
/Squash_mildew/290.JPG,7
/Squash_mildew/130.JPG,7
/Squash_mildew/103.JPG,7
/Squash_mildew/133.JPG,7
/Squash_mildew/274.JPG,7
/Squash_mildew/115.JPG,7
/Squash_mildew/34.JPG,7
/Squash_mildew/198.JPG,7
/Squash_mildew/84.JPG,7
/Squash_mildew/174.JPG,7
/Squash_mildew/74.JPG,7
/Squash_mildew/43.JPG,7
/Squash_mildew/282.JPG,7
/Squash_mildew/11.JPG,7
/Squash_mildew/180.JPG,7
/Squash_mildew/295.JPG,7
/Squash_mildew/372.JPG,7
/Squash_mildew/169.JPG,7
/Squash_mildew/190.JPG,7
/Squash_mildew/297.JPG,7
/Squash_mildew/254.JPG,7
/Squash_mildew/120.JPG,7
/Squash_mildew/265.JPG,7
/Squash_mildew/270.JPG,7
/Squash_mildew/357.JPG,7
/Squash_mildew/124.JPG,7
/Squash_mildew/227.JPG,7
/Squash_mildew/342.JPG,7
/Squash_mildew/365.JPG,7
/Squash_mildew/26.JPG,7
/Squash_mildew/168.JPG,7
/Squash_mildew/359.JPG,7
/Squash_mildew/61.JPG,7
/Squash_mildew/306.JPG,7
/Squash_mildew/82.JPG,7
/Squash_mildew/233.JPG,7
/Squash_mildew/344.JPG,7
/Squash_mildew/37.JPG,7
/Squash_mildew/194.JPG,7
/Squash_mildew/100.JPG,7
/Squash_mildew/202.JPG,7
/Squash_mildew/112.JPG,7
/Squash_mildew/325.JPG,7
/Squash_mildew/289.JPG,7
/Squash_mildew/300.JPG,7
/Squash_mildew/86.JPG,7
/Squash_mildew/304.JPG,7
/Squash_mildew/75.JPG,7
/Squash_mildew/12.JPG,7
/Squash_mildew/163.JPG,7
/Squash_mildew/267.JPG,7
/Squash_mildew/284.JPG,7
/Squash_mildew/71.JPG,7
/Squash_mildew/99.JPG,7
/Squash_mildew/33.JPG,7
/Squash_mildew/257.JPG,7
/Squash_mildew/129.JPG,7
/Squash_mildew/106.JPG,7
/Squash_mildew/301.JPG,7
/Squash_mildew/368.JPG,7
/Squash_mildew/305.JPG,7
/Squash_mildew/95.JPG,7
/Squash_mildew/146.JPG,7
/Squash_mildew/333.JPG,7
/Squash_mildew/185.JPG,7
/Squash_mildew/231.JPG,7
/Squash_mildew/292.JPG,7
/Squash_mildew/262.JPG,7
/Squash_mildew/97.JPG,7
/Squash_mildew/14.JPG,7
/Squash_mildew/51.JPG,7
/Squash_mildew/170.JPG,7
/Squash_mildew/271.JPG,7
/Squash_mildew/309.JPG,7
/Squash_mildew/346.JPG,7
/Squash_mildew/162.JPG,7
/Squash_mildew/245.JPG,7
/Squash_mildew/286.JPG,7
/Squash_mildew/24.JPG,7
/Squash_mildew/127.JPG,7
/Squash_mildew/150.JPG,7
/Squash_mildew/353.JPG,7
/Squash_mildew/122.JPG,7
/Squash_mildew/152.JPG,7
/Squash_mildew/374.JPG,7
/Squash_mildew/369.JPG,7
/Squash_mildew/134.JPG,7
/Squash_mildew/191.JPG,7
/Squash_mildew/355.JPG,7
/Squash_mildew/13.JPG,7
/Squash_mildew/247.JPG,7
/Squash_mildew/379.JPG,7
/Squash_mildew/132.JPG,7
/Squash_mildew/376.JPG,7
/Squash_mildew/176.JPG,7
/Squash_mildew/116.JPG,7
/Squash_mildew/139.JPG,7
/Squash_mildew/335.JPG,7
/Squash_mildew/261.JPG,7
/Squash_mildew/377.JPG,7
/Squash_mildew/312.JPG,7
/Squash_mildew/214.JPG,7
/Squash_mildew/40.JPG,7
/Squash_mildew/255.JPG,7
/Squash_mildew/211.JPG,7
/Squash_mildew/92.JPG,7
/Squash_mildew/349.JPG,7
/Squash_mildew/83.JPG,7
/Squash_mildew/154.JPG,7
/Squash_mildew/318.JPG,7
/Squash_mildew/149.JPG,7
/Squash_mildew/370.JPG,7
/Squash_mildew/226.JPG,7
/Strawberry_leaf_scorch/25.JPG,8
/Strawberry_leaf_scorch/39.JPG,8
/Strawberry_leaf_scorch/144.JPG,8
/Strawberry_leaf_scorch/46.JPG,8
/Strawberry_leaf_scorch/311.JPG,8
/Strawberry_leaf_scorch/250.JPG,8
/Strawberry_leaf_scorch/160.JPG,8
/Strawberry_leaf_scorch/38.JPG,8
/Strawberry_leaf_scorch/293.JPG,8
/Strawberry_leaf_scorch/336.JPG,8
/Strawberry_leaf_scorch/54.JPG,8
/Strawberry_leaf_scorch/330.JPG,8
/Strawberry_leaf_scorch/182.JPG,8
/Strawberry_leaf_scorch/272.JPG,8
/Strawberry_leaf_scorch/332.JPG,8
/Strawberry_leaf_scorch/113.JPG,8
/Strawberry_leaf_scorch/230.JPG,8
/Strawberry_leaf_scorch/41.JPG,8
/Strawberry_leaf_scorch/268.JPG,8
/Strawberry_leaf_scorch/197.JPG,8
/Strawberry_leaf_scorch/237.JPG,8
/Strawberry_leaf_scorch/316.JPG,8
/Strawberry_leaf_scorch/93.JPG,8
/Strawberry_leaf_scorch/57.JPG,8
/Strawberry_leaf_scorch/20.JPG,8
/Strawberry_leaf_scorch/326.JPG,8
/Strawberry_leaf_scorch/327.JPG,8
/Strawberry_leaf_scorch/147.JPG,8
/Strawberry_leaf_scorch/347.JPG,8
/Strawberry_leaf_scorch/153.JPG,8
/Strawberry_leaf_scorch/16.JPG,8
/Strawberry_leaf_scorch/200.JPG,8
/Strawberry_leaf_scorch/175.JPG,8
/Strawberry_leaf_scorch/189.JPG,8
/Strawberry_leaf_scorch/94.JPG,8
/Strawberry_leaf_scorch/4.JPG,8
/Strawberry_leaf_scorch/10.JPG,8
/Strawberry_leaf_scorch/323.JPG,8
/Strawberry_leaf_scorch/28.JPG,8
/Strawberry_leaf_scorch/128.JPG,8
/Strawberry_leaf_scorch/279.JPG,8
/Strawberry_leaf_scorch/137.JPG,8
/Strawberry_leaf_scorch/364.JPG,8
/Strawberry_leaf_scorch/340.JPG,8
/Strawberry_leaf_scorch/362.JPG,8
/Strawberry_leaf_scorch/199.JPG,8
/Strawberry_leaf_scorch/338.JPG,8
/Strawberry_leaf_scorch/310.JPG,8
/Strawberry_leaf_scorch/89.JPG,8
/Strawberry_leaf_scorch/81.JPG,8
/Strawberry_leaf_scorch/371.JPG,8
/Strawberry_leaf_scorch/319.JPG,8
/Strawberry_leaf_scorch/121.JPG,8
/Strawberry_leaf_scorch/138.JPG,8
/Strawberry_leaf_scorch/339.JPG,8
/Strawberry_leaf_scorch/7.JPG,8
/Strawberry_leaf_scorch/60.JPG,8
/Strawberry_leaf_scorch/143.JPG,8
/Strawberry_leaf_scorch/209.JPG,8
/Strawberry_leaf_scorch/15.JPG,8
/Strawberry_leaf_scorch/183.JPG,8
/Strawberry_leaf_scorch/221.JPG,8
/Strawberry_leaf_scorch/77.JPG,8
/Strawberry_leaf_scorch/188.JPG,8
/Strawberry_leaf_scorch/56.JPG,8
/Strawberry_leaf_scorch/62.JPG,8
/Strawberry_leaf_scorch/18.JPG,8
/Strawberry_leaf_scorch/366.JPG,8
/Strawberry_leaf_scorch/328.JPG,8
/Strawberry_leaf_scorch/73.JPG,8
/Strawberry_leaf_scorch/269.JPG,8
/Strawberry_leaf_scorch/53.JPG,8
/Strawberry_leaf_scorch/256.JPG,8
/Strawberry_leaf_scorch/44.JPG,8
/Strawberry_leaf_scorch/204.JPG,8
/Strawberry_leaf_scorch/264.JPG,8
/Strawberry_leaf_scorch/308.JPG,8
/Strawberry_leaf_scorch/64.JPG,8
/Strawberry_leaf_scorch/91.JPG,8
/Strawberry_leaf_scorch/259.JPG,8
/Strawberry_leaf_scorch/252.JPG,8
/Strawberry_leaf_scorch/354.JPG,8
/Strawberry_leaf_scorch/238.JPG,8
/Strawberry_leaf_scorch/125.JPG,8
/Strawberry_leaf_scorch/324.JPG,8
/Strawberry_leaf_scorch/126.JPG,8
/Strawberry_leaf_scorch/29.JPG,8
/Strawberry_leaf_scorch/58.JPG,8
/Strawberry_leaf_scorch/225.JPG,8
/Strawberry_leaf_scorch/9.JPG,8
/Strawberry_leaf_scorch/223.JPG,8
/Strawberry_leaf_scorch/341.JPG,8
/Strawberry_leaf_scorch/79.JPG,8
/Strawberry_leaf_scorch/158.JPG,8
/Strawberry_leaf_scorch/228.JPG,8
/Strawberry_leaf_scorch/287.JPG,8
/Strawberry_leaf_scorch/285.JPG,8
/Strawberry_leaf_scorch/360.JPG,8
/Strawberry_leaf_scorch/192.JPG,8
/Strawberry_leaf_scorch/263.JPG,8
/Strawberry_leaf_scorch/294.JPG,8
/Strawberry_leaf_scorch/156.JPG,8
/Strawberry_leaf_scorch/186.JPG,8
/Strawberry_leaf_scorch/249.JPG,8
/Strawberry_leaf_scorch/212.JPG,8
/Strawberry_leaf_scorch/66.JPG,8
/Strawberry_leaf_scorch/290.JPG,8
/Strawberry_leaf_scorch/130.JPG,8
/Strawberry_leaf_scorch/103.JPG,8
/Strawberry_leaf_scorch/133.JPG,8
/Strawberry_leaf_scorch/274.JPG,8
/Strawberry_leaf_scorch/115.JPG,8
/Strawberry_leaf_scorch/34.JPG,8
/Strawberry_leaf_scorch/198.JPG,8
/Strawberry_leaf_scorch/84.JPG,8
/Strawberry_leaf_scorch/174.JPG,8
/Strawberry_leaf_scorch/74.JPG,8
/Strawberry_leaf_scorch/43.JPG,8
/Strawberry_leaf_scorch/282.JPG,8
/Strawberry_leaf_scorch/11.JPG,8
/Strawberry_leaf_scorch/180.JPG,8
/Strawberry_leaf_scorch/295.JPG,8
/Strawberry_leaf_scorch/372.JPG,8
/Strawberry_leaf_scorch/169.JPG,8
/Strawberry_leaf_scorch/190.JPG,8
/Strawberry_leaf_scorch/297.JPG,8
/Strawberry_leaf_scorch/254.JPG,8
/Strawberry_leaf_scorch/120.JPG,8
/Strawberry_leaf_scorch/265.JPG,8
/Strawberry_leaf_scorch/270.JPG,8
/Strawberry_leaf_scorch/357.JPG,8
/Strawberry_leaf_scorch/124.JPG,8
/Strawberry_leaf_scorch/227.JPG,8
/Strawberry_leaf_scorch/342.JPG,8
/Strawberry_leaf_scorch/365.JPG,8
/Strawberry_leaf_scorch/26.JPG,8
/Strawberry_leaf_scorch/168.JPG,8
/Strawberry_leaf_scorch/359.JPG,8
/Strawberry_leaf_scorch/61.JPG,8
/Strawberry_leaf_scorch/306.JPG,8
/Strawberry_leaf_scorch/82.JPG,8
/Strawberry_leaf_scorch/233.JPG,8
/Strawberry_leaf_scorch/344.JPG,8
/Strawberry_leaf_scorch/37.JPG,8
/Strawberry_leaf_scorch/194.JPG,8
/Strawberry_leaf_scorch/100.JPG,8
/Strawberry_leaf_scorch/202.JPG,8
/Strawberry_leaf_scorch/112.JPG,8
/Strawberry_leaf_scorch/325.JPG,8
/Strawberry_leaf_scorch/289.JPG,8
/Strawberry_leaf_scorch/300.JPG,8
/Strawberry_leaf_scorch/86.JPG,8
/Strawberry_leaf_scorch/304.JPG,8
/Strawberry_leaf_scorch/75.JPG,8
/Strawberry_leaf_scorch/12.JPG,8
/Strawberry_leaf_scorch/163.JPG,8
/Strawberry_leaf_scorch/267.JPG,8
/Strawberry_leaf_scorch/284.JPG,8
/Strawberry_leaf_scorch/71.JPG,8
/Strawberry_leaf_scorch/99.JPG,8
/Strawberry_leaf_scorch/33.JPG,8
/Strawberry_leaf_scorch/257.JPG,8
/Strawberry_leaf_scorch/129.JPG,8
/Strawberry_leaf_scorch/106.JPG,8
/Strawberry_leaf_scorch/301.JPG,8
/Strawberry_leaf_scorch/368.JPG,8
/Strawberry_leaf_scorch/305.JPG,8
/Strawberry_leaf_scorch/95.JPG,8
/Strawberry_leaf_scorch/146.JPG,8
/Strawberry_leaf_scorch/333.JPG,8
/Strawberry_leaf_scorch/185.JPG,8
/Strawberry_leaf_scorch/231.JPG,8
/Strawberry_leaf_scorch/292.JPG,8
/Strawberry_leaf_scorch/262.JPG,8
/Strawberry_leaf_scorch/97.JPG,8
/Strawberry_leaf_scorch/14.JPG,8
/Strawberry_leaf_scorch/51.JPG,8
/Strawberry_leaf_scorch/170.JPG,8
/Strawberry_leaf_scorch/271.JPG,8
/Strawberry_leaf_scorch/309.JPG,8
/Strawberry_leaf_scorch/346.JPG,8
/Strawberry_leaf_scorch/162.JPG,8
/Strawberry_leaf_scorch/245.JPG,8
/Strawberry_leaf_scorch/286.JPG,8
/Strawberry_leaf_scorch/24.JPG,8
/Strawberry_leaf_scorch/127.JPG,8
/Strawberry_leaf_scorch/150.JPG,8
/Strawberry_leaf_scorch/353.JPG,8
/Strawberry_leaf_scorch/122.JPG,8
/Strawberry_leaf_scorch/152.JPG,8
/Strawberry_leaf_scorch/374.JPG,8
/Strawberry_leaf_scorch/369.JPG,8
/Strawberry_leaf_scorch/134.JPG,8
/Strawberry_leaf_scorch/191.JPG,8
/Strawberry_leaf_scorch/355.JPG,8
/Strawberry_leaf_scorch/13.JPG,8
/Strawberry_leaf_scorch/247.JPG,8
/Strawberry_leaf_scorch/379.JPG,8
/Strawberry_leaf_scorch/132.JPG,8
/Strawberry_leaf_scorch/376.JPG,8
/Strawberry_leaf_scorch/176.JPG,8
/Strawberry_leaf_scorch/116.JPG,8
/Strawberry_leaf_scorch/139.JPG,8
/Strawberry_leaf_scorch/335.JPG,8
/Strawberry_leaf_scorch/261.JPG,8
/Strawberry_leaf_scorch/377.JPG,8
/Strawberry_leaf_scorch/312.JPG,8
/Strawberry_leaf_scorch/214.JPG,8
/Strawberry_leaf_scorch/40.JPG,8
/Strawberry_leaf_scorch/255.JPG,8
/Strawberry_leaf_scorch/211.JPG,8
/Strawberry_leaf_scorch/92.JPG,8
/Strawberry_leaf_scorch/349.JPG,8
/Strawberry_leaf_scorch/83.JPG,8
/Strawberry_leaf_scorch/154.JPG,8
/Strawberry_leaf_scorch/318.JPG,8
/Strawberry_leaf_scorch/149.JPG,8
/Strawberry_leaf_scorch/370.JPG,8
/Strawberry_leaf_scorch/226.JPG,8
/Strawberry_leaf_scorch/76.JPG,8
